epoch,stage,train_loss,val_loss,train_accuracy,val_accuracy,train_precision,val_precision,train_recall,val_recall,train_f1,val_f1,learning_rate,epoch_time_seconds
1,transfer_learning,0.09961048648458774,0.03244149237078555,0.9772207940588403,0.9926593259926594,0.9779033180778032,0.9913477537437604,0.9765067123678949,0.993993993993994,0.9772045162212377,0.9926691102965678,0.0001,276.9075458049774
2,transfer_learning,0.03154762519617059,0.025232447612228148,0.9898600399885747,0.9926593259926594,0.9913336198252399,0.9969707169303265,0.9883604684375893,0.9883216549883217,0.9898448115568905,0.9926273458445041,0.0001,290.7748119831085
3,transfer_learning,0.024122784288438486,0.024018767678694045,0.9920379891459583,0.992992992992993,0.9929884810760535,0.9920079920079921,0.9910739788631819,0.993993993993994,0.9920303062792609,0.993,0.0001,289.9750483036041
4,transfer_learning,0.019568654121703482,0.02234224842346095,0.9937160811196801,0.992992992992993,0.9943514943514944,0.9936518543267624,0.9930734075978291,0.9923256589923256,0.9937120400142908,0.9929883138564274,0.0001,296.87691617012024
5,transfer_learning,0.020672556285036208,0.020853193603119158,0.9930019994287347,0.9943276609943277,0.9933542946977276,0.9933399933399933,0.992644958583262,0.9953286619953287,0.9929994999642832,0.9943333333333333,0.0001,288.3202006816864
6,fine_tuning,0.011869335883046122,0.007924121776786124,0.9964295915452728,0.9978311644978312,0.9967843361440617,0.997001998667555,0.9960725506998,0.9986653319986654,0.9964283163083077,0.997832972162027,0.0001,364.22056102752686
7,fine_tuning,0.004554988425139967,0.006838867631049265,0.9983576121108255,0.9986653319986654,0.9982153055396916,0.9980006664445185,0.9985004284490145,0.9993326659993327,0.9983578466371555,0.9986662220740247,0.0001,372.26387095451355
8,fine_tuning,0.0020298396819802725,0.008877845968495808,0.9995358469008855,0.9971638304971638,0.9995715203884882,0.9989953114534494,0.9995001428163381,0.9953286619953287,0.9995358303281322,0.9971586160788902,0.0001,363.3835275173187
9,fine_tuning,0.001353702622733704,0.007623620347140651,0.9995715509854327,0.9983316649983317,0.9997142857142857,0.9973359973359973,0.9994287346472437,0.9993326659993327,0.9995714897871733,0.9983333333333333,0.0001,367.49529337882996
10,fine_tuning,0.0012584288719378106,0.006870315529089024,0.99960725506998,0.9986653319986654,0.9995715815780079,0.9980006664445185,0.9996429591545273,0.9993326659993327,0.9996072690920775,0.9986662220740247,0.0001,364.08488845825195
11,fine_tuning,0.0017296764999628067,0.005459226204193522,0.9993930305626963,0.998998998998999,0.9993573723670118,0.9983338887037654,0.9994287346472437,0.9996663329996663,0.9993930522332107,0.9989996665555185,0.0001,365.4962100982666
12,fine_tuning,0.0004537942942623134,0.0057090676528361575,0.9998928877463582,0.9981648314981648,0.9999285867314147,0.9979986657771848,0.9998571836618109,0.9983316649983317,0.9998928839218767,0.998165137614679,0.0001,376.9261553287506
13,fine_tuning,0.000580117259531805,0.008232298604351408,0.9997857754927164,0.9981648314981648,0.9997857754927164,0.9983311081441922,0.9997857754927164,0.997997997997998,0.9997857754927164,0.9981645252794927,0.0001,362.43506360054016
14,fine_tuning,0.0006755610426130904,0.006553343826152029,0.9997857754927164,0.9986653319986654,0.999857163262391,0.9983327775925308,0.9997143673236218,0.998998998998999,0.9997857601942441,0.9986657771847899,0.0001,366.80754113197327
15,fine_tuning,0.00040232271092123094,0.0052897129128589215,0.9998214795772636,0.998998998998999,0.999785790789004,0.9986662220740247,0.9998571836618109,0.9993326659993327,0.9998214859509443,0.9989993328885924,1e-05,366.09835290908813
16,fine_tuning,0.0005690239659047018,0.005848973517880734,0.9998214795772636,0.998998998998999,0.9998571734628294,0.9986662220740247,0.9997857754927164,0.9993326659993327,0.9998214732031278,0.9989993328885924,1e-05,364.73813939094543
17,fine_tuning,0.00010168435451783002,0.005173773076781446,0.9999642959154528,0.9988321654988321,1.0,0.9986657771847899,0.9999285918309054,0.998998998998999,0.9999642946406255,0.9988323603002502,1e-05,362.02156376838684
18,fine_tuning,0.0001215195393861701,0.004814413562416909,0.9999642959154528,0.998998998998999,0.999928596929668,0.998998998998999,1.0,0.998998998998999,0.9999642971901889,0.998998998998999,1e-05,362.4062385559082
